{
  "auth_sign_up_tab": "Daftar",
  "auth_sign_in_tab": "Masuk",
  "login_label_text": "Masuk",
  "login_registration_helper_text": "Buat username ...",
  "login_sign_in_helper_text": "Masukkan username Anda",
  "login_empty_error_text": "Masukan login",
  "email_label_text": "Email",
  "email_helper_text": "Masukkan email Anda...",
  "email_empty_error_text": "Masukkan email",
  "email_invalid_error_text": "Email tidak benar / salag",
  "password_label_text": "Password",
  "password_registration_helper_text": "Minimal 8 karakter...",
  "password_sign_in_helper_text": "Minimal 4 karakter...",
  "password_empty_error_text": "Tolong masukkan passwords Anda",
  "password_register_characters_count_error_text": "Gunakan 8 karakter / lebih, untuk password Anda",
  "password_sign_in_characters_count_error_text": "Gunakan 4 karakter/lebih, untuk password Anda",
  "error_dialog_title": "Error",
  "ok_dialog_button": "Ok",
  "registration_button": "Pendaftaran",
  "sign_in_button": "Masuk",
  "search_bar_title": "Pencarian Kursus",
  "course_overview_tab": "Gambaran",
  "course_curriculum_tab": "Kurikulum",
  "course_faq_tab": "Pertanyaan yang  sering dintanyakan",
  "course_free_price": "Gratis",
  "course_regular_price": "Harga Normal:",
  "start_course_button": "Mulai",
  "preview_button": "Pratinjau",
  "write_review_button": "Tulis ulasan",
  "show_less_button": "Tampilkan lebih sedikit",
  "show_more_button": "Tampilkan lainnya",
  "annoncement_title": "Pengumuman",
  "reviews_title": "Ulasan",
  "reviews_count": "Ulasan",
  "stars_count": "Bintang",
  "user_courses_screen_title": "Kursus Saya",
  "no_user_courses_screen_title": "Anda tidak mempunyai pelatihan/ kursus",
  "no_user_favorites_screen_title": "Anda tidak mempunyai kursus favorit",
  "no_user_orders_screen_title": "Anda tidak mempunya pesanan",
  "add_courses_button": "Tambahkan kursus",
  "continue_button": "Lanjutkan",
  "profile_bio_tab": "Bio",
  "profile_courses_tab": "Kursus",
  "favorites_title": "Favorit",
  "new_courses_title": "Kursus baru",
  "go_to_live_button": "Menuju ke obrolan langsung ",
  "complete_lesson_button": "Kursus lengkap",
  "user_orders_title": "Pesanan saya",
  "membership_plans": "Rencana Keanggotaan",
  "plan_per_month": "Per bulan",
  "one_time_payment": "Pembayaran hanya sekali",
  "enroll_with_membership": "Daftar dengan keanggotaan",
  "available_in_plan": "Tersedia di",
  "select_payment_button": "Pilih",
  "plan_count_left": "Kiri",
  "view_my_profile": "Lihat profil saya",
  "add_announcement": "Tambahkan pengumuman",
  "assignments": "Tugas",
  "my_orders": "Pesanan saya",
  "my_courses": "Kursus saya",
  "settings": "Pengaturan",
  "logout": "Keluar",
  "logout_message": "Anda yakin untuk keluar?",
  "greeting_user": "Halo ",
  "cancel_button": "Batal",
  "profile_assignment_title": "Tugas",
  "assignment_content": "Tugas Tersedia \\ Hanya di versi desktop",
  "edit_profile_title": "Edit profil",
  "profile_updated_message": "Profil berhasil di perbaharui",
  "change_photo_button": "Tambahkan fotto",
  "first_name": "Nama depan",
  "last_name": "Nama belakang",
  "occupation": "Pekerjaan",
  "bio": "Bio",
  "bio_helper": "Masukkan teks...",
  "enter_url": "Masukkan Url...",
  "save_button": "Simpan",
  "question_ask_screen_title": "Kembali ke pertanyaa",
  "ask_your_question": "Menanyakan pertanyaan Anda",
  "enter_review": "Tulis ulasan",
  "submit_button": "Kirim",
  "enter_your_answer": "Tulis jawaban Anda",
  "all_questions": "Semua pertanyaan",
  "my_questions": "Pertanyaan saya",
  "no_questions": "Tidak ada pertanyaan",
  "start_quiz": "Mulai kuis",
  "complete_quiz": "Selesai",
  "answered_quiz": "Selesai",
  "write_a_review_title": "Tulis ulasam",
  "search_title": "Pencarian",
  "popular_searchs": "Pencarian terpopuler",
  "new_courses": "Kursus baru",
  "nothing_found_search": "Tidak ditemukan:",
  "trial_version_is_over": "Versi uji coba telah berhasil",
  "trial_version_is_over_description": "Untuk melanjutkan kursus, bisa beli \\ versi lengkap",
  "checkout_title": "Pembayaran",
  "profile_button": "Profil",
  "home_bottom_nav": "Halaman utama",
  "courses_bottom_nav": "Kursus",
  "search_bottom_nav": "Pencarian",
  "favorites_bottom_nav": "Favorit",
  "profile_bottom_nav": "Profil",
  "error_button": "Coba lagi",
  "network_error": "Jaringan bermasalah /eror",
  "empty_profile_text": "Biodata Anda kosong",
  "empty_profile_button": "Perbaharui profil",
  "registration_demo_button": "Demo pendaftaran ",
  "play_video_button": "Putar video",
  "assignment_screen_title": "Tugas",
  "assignment_send_button": "Kirim",
  "free_course_item": "Gratis",
  "submit_question_answer": "Kirim jawaban",
  "warning": "Peringatan!",
  "warning_lesson_offline": "Kursus ini tidak mendukung mode offline / tanpa koneksi internet",
  "in_app_not_found": "Produk ini tidak tersedia di Ios. Bisa di coba membeli lewat website kami",
  "restore_password_button": "Pulihkan password",
  "restore_password_sent_text": "Instruksi lebih lanjut dikirrim melalui email",
  "empty_sections_course": "Kurus kosong"
}